google,barbet,Pixel 5a,qcom,1080x2400,420,11,30,244.1.0.19.110,384108453
google,barbet,Pixel 5a,qcom,1080x2400,420,12,31,244.1.0.19.110,384108453
google,blueline,Pixel 3,qcom,1080x2160,440,10,29,244.1.0.19.110,384108453
google,blueline,Pixel 3,qcom,1080x2160,440,11,30,244.1.0.19.110,384108453
google,blueline,Pixel 3,qcom,1080x2160,440,12,31,244.1.0.19.110,384108453
google,bonito,Pixel 3a XL,qcom,1080x2160,400,11,30,244.1.0.19.110,384108453
google,bonito,Pixel 3a XL,qcom,1080x2160,400,12,31,244.1.0.19.110,384108453
google,bramble,Pixel 4a (5G),qcom,1080x2340,420,11,30,244.1.0.19.110,384108453
google,bramble,Pixel 4a (5G),qcom,1080x2340,420,12,31,244.1.0.19.110,384108453
google,coral,Pixel 4 XL,qcom,1440x3040,560,12,31,244.1.0.19.110,384108453
google,crosshatch,Pixel 3 XL,qcom,1440x2960,560,11,30,244.1.0.19.110,384108453
google,crosshatch,Pixel 3 XL,qcom,1440x2960,560,12,31,244.1.0.19.110,384108453
google,flame,Pixel 4,qcom,1080x2280,440,11,30,244.1.0.19.110,384108453
google,flame,Pixel 4,qcom,1080x2280,440,12,31,244.1.0.19.110,384108453
google,marlin,Pixel XL,qcom,1440x2560,560,10,29,244.1.0.19.110,384108453
google,redfin,Pixel 5,qcom,1080x2340,440,12,31,244.1.0.19.110,384108453
google,sailfish,Pixel,qcom,1080x1920,420,7.1,25,244.1.0.19.110,384108453
google,sailfish,Pixel,qcom,1080x1920,420,9,28,244.1.0.19.110,384108453
google,sailfish,Pixel,qcom,1080x1920,420,10,29,244.1.0.19.110,384108453
google,sargo,Pixel 3a,qcom,1080x2220,440,10,29,244.1.0.19.110,384108453
google,sargo,Pixel 3a,qcom,1080x2220,440,11,30,244.1.0.19.110,384108453
google,sargo,Pixel 3a,qcom,1080x2220,440,12,31,244.1.0.19.110,384108453
google,sunfish,Pixel 4a,qcom,1080x2340,440,11,30,244.1.0.19.110,384108453
lge,L-01L,L-01L,qcom,1080x2160,480,10,29,244.1.0.19.110,384108453
lge,L-02K,L-02K,qcom,1440x2880,640,8.0.0,26,244.1.0.19.110,384108453
lge,L-41A,L-41A,qcom,1440x3120,560,10,29,244.1.0.19.110,384108453
lge,L-41A,L-41A,qcom,1440x3120,560,11,30,244.1.0.19.110,384108453
lge,L-51A,L-51A,qcom,1080x2460,420,11,30,244.1.0.19.110,384108453
lge,L-52A,L-52A,qcom,1080x2460,420,12,31,244.1.0.19.110,384108453
lge,acelm,LM-Q920N,qcom,1080x2400,420,11,30,244.1.0.19.110,384108453
lge,acelm,LM-Q920N,qcom,1080x2400,420,12,31,244.1.0.19.110,384108453
lge,acexlm,LM-K920,qcom,1080x2400,420,11,30,244.1.0.19.110,384108453
lge,betalm,LM-G810,qcom,1080x2248,420,11,30,244.1.0.19.110,384108453
lge,blm,LM-R910N,qcom,1876x2428,420,11,30,244.1.0.19.110,384108453
google,bullhead,AWM-A0,qcom,1080x1920,420,8.1,27,244.1.0.19.110,384108453
lge,caymanlm,LM-G900,qcom,1080x2460,420,11,30,244.1.0.19.110,384108453
lge,caymanlm,LM-G900,qcom,1080x2460,420,12,31,244.1.0.19.110,384108453
lge,caymanslm,LM-G910,qcom,1080x2460,420,11,30,244.1.0.19.110,384108453
lge,cv7an,LM-Q815K,qcom,1080x2160,420,8.1,27,244.1.0.19.110,384108453
lge,cv7as,LGL722DL,qcom,1080x2160,420,9,28,244.1.0.19.110,384108453
lge,cv7as,LGL722DL,qcom,1080x2160,420,10,29,244.1.0.19.110,384108453
lge,cv7as-pr,LM-Q720,qcom,1080x2160,420,10,29,244.1.0.19.110,384108453
lge,falcon,falcon,qcom,1080x2340,420,8.1,27,244.1.0.19.110,384108453
lge,falcon,falcon,qcom,1080x2340,420,9,28,244.1.0.19.110,384108453
lge,fh50lm,LM-K735,qcom,1080x2460,420,11,30,244.1.0.19.110,384108453
lge,flashlm,LM-V500XM,qcom,1440x3120,560,12,31,244.1.0.19.110,384108453
lge,flashlmdd,LM-V500,qcom,1440x3120,560,11,30,244.1.0.19.110,384108453
lge,flashlmdd,LM-V500,qcom,1440x3120,560,12,31,244.1.0.19.110,384108453
lge,joan,LG-AS998,qcom,1440x2880,640,8.0.0,26,244.1.0.19.110,384108453
lge,joan,LG-AS998,qcom,1440x2880,640,9,28,244.1.0.19.110,384108453
KDDI,joan,LG-AS998,qcom,1440x2880,640,9,28,244.1.0.19.110,384108453
lge,judyln,LG-G710,qcom,1440x3120,560,8.0.0,26,244.1.0.19.110,384108453
lge,judyln,LG-G710,qcom,1440x3120,560,9,28,244.1.0.19.110,384108453
lge,judyln,LG-G710,qcom,1440x3120,560,10,29,244.1.0.19.110,384108453
lge,judyp,LM-V350,qcom,1440x2880,560,10,29,244.1.0.19.110,384108453
lge,judypn,LM-V405,qcom,1440x3120,560,9,28,244.1.0.19.110,384108453
lge,judypn,LM-V405,qcom,1440x3120,560,10,29,244.1.0.19.110,384108453
lge,lucye,LM-Q850K,qcom,1440x2880,640,7.0,24,244.1.0.19.110,384108453
lge,lucye,LM-Q850K,qcom,1440x2880,640,8.0.0,26,244.1.0.19.110,384108453
lge,lucye,LM-Q850K,qcom,1440x2880,640,9,28,244.1.0.19.110,384108453
lge,mh,LG-M700,qcom,1080x2004,480,7.1,25,244.1.0.19.110,384108453
lge,mh,LG-M700,qcom,1080x2004,480,8.1,27,244.1.0.19.110,384108453
lge,mh2lm,901LG,qcom,1080x2340,420,10,29,244.1.0.19.110,384108453
lge,mh2lm,901LG,qcom,1080x2340,420,11,30,244.1.0.19.110,384108453
lge,mh2lm,901LG,qcom,1080x2340,420,12,31,244.1.0.19.110,384108453
lge,mh3,LM-Q620,qcom,1080x2310,420,11,30,244.1.0.19.110,384108453
lge,mh3-pl,LM-Q730N,qcom,1080x2310,420,11,30,244.1.0.19.110,384108453
lge,mhn,LG-M700,qcom,1080x2160,480,7.1,25,244.1.0.19.110,384108453
lge,mhn,LG-M700,qcom,1080x2160,480,8.1,27,244.1.0.19.110,384108453
lge,phoenix_sprout,LM-Q910,qcom,1440x3120,560,11,30,244.1.0.19.110,384108453
lge,rainbowlm,LM-V700N,qcom,1080x2400,420,11,30,244.1.0.19.110,384108453
lge,tf10,LM-T600,qcom,1200x1920,320,9,28,244.1.0.19.110,384108453
lge,tf10w,LM-T605,qcom,1200x1920,240,9,28,244.1.0.19.110,384108453
lge,timelm,LM-V600,qcom,1080x2460,420,11,30,244.1.0.19.110,384108453
lge,timelm,LM-V600,qcom,1080x2460,420,12,31,244.1.0.19.110,384108453
lge,winglm,LM-F100,qcom,1080x2460,420,11,30,244.1.0.19.110,384108453
lge,winglm,LM-F100,qcom,1080x2460,420,12,31,244.1.0.19.110,384108453
Lenovo,J607Z,Lenovo TB-J607Z,qcom,1200x2000,240,12,31,244.1.0.19.110,384108453
Lenovo,J706F,Lenovo TB-J706F,qcom,1600x2560,320,11,30,244.1.0.19.110,384108453
Lenovo,J706L,Lenovo TB-J706L,qcom,1600x2560,320,11,30,244.1.0.19.110,384108453
Lenovo,Q706F,Lenovo TB-Q706F,qcom,1600x2560,240,11,30,244.1.0.19.110,384108453
Lenovo,Q706Z,Lenovo TB-Q706Z,qcom,1600x2560,240,11,30,244.1.0.19.110,384108453
Lenovo,capri,Lenovo K12 Note,qcom,720x1600,280,11,30,244.1.0.19.110,384108453
Lenovo,caprip,Lenovo K12 Note,qcom,720x1600,280,12,31,244.1.0.19.110,384108453
Lenovo,guamp,Lenovo K12 Note,qcom,720x1600,280,11,30,244.1.0.19.110,384108453
LitByLeia,LPD-10W,LPD-10W,qcom,1600x2560,340,10,29,244.1.0.19.110,384108453
Mi,aliothin,M2012K11AI,qcom,1080x2400,440,11,30,244.1.0.19.110,384108453
Mi,aliothin,M2012K11AI,qcom,1080x2400,440,12,31,244.1.0.19.110,384108453
motorola,ali,XT1925-10,qcom,1080x2160,480,8.0.0,26,244.1.0.19.110,384108453
motorola,ali,XT1925-10,qcom,1080x2160,480,9,28,244.1.0.19.110,384108453
motorola,ali_n,XT1790,qcom,1080x2160,480,9,28,244.1.0.19.110,384108453
motorola,astro,motorola one fusion,qcom,720x1600,280,10,29,244.1.0.19.110,384108453
motorola,astro,motorola one fusion,qcom,720x1600,280,11,30,244.1.0.19.110,384108453
motorola,beckham,Moto Z3 Play,qcom,1080x2160,480,9,28,244.1.0.19.110,384108453
motorola,berlin,motorola edge 20,qcom,1080x2400,400,12,31,244.1.0.19.110,384108453
motorola,berlna,motorola edge (2021),qcom,1080x2460,400,11,30,244.1.0.19.110,384108453
motorola,berlna,motorola edge (2021),qcom,1080x2460,400,12,31,244.1.0.19.110,384108453
motorola,borneo,moto g power,qcom,720x1600,280,10,29,244.1.0.19.110,384108453
motorola,borneo,moto g power,qcom,720x1600,280,11,30,244.1.0.19.110,384108453
motorola,burton,motorola edge plus,qcom,1080x2340,440,12,31,244.1.0.19.110,384108453
motorola,capri,Lenovo K12 Note,qcom,720x1600,280,11,30,244.1.0.19.110,384108453
motorola,caprip,Lenovo K12 Note,qcom,720x1600,280,11,30,244.1.0.19.110,384108453
motorola,caprip,Lenovo K12 Note,qcom,720x1600,280,12,31,244.1.0.19.110,384108453
motorola,cebu,Lenovo K12 Note,qcom,720x1640,280,10,29,244.1.0.19.110,384108453
motorola,cebu,Lenovo K12 Note,qcom,720x1640,280,11,30,244.1.0.19.110,384108453
Lenovo,cebu,Lenovo K12 Note,qcom,720x1640,280,11,30,244.1.0.19.110,384108453
motorola,channel,moto g(7) optimo (XT1952DL),qcom,720x1512,320,9,28,244.1.0.19.110,384108453
motorola,channel,moto g(7) optimo (XT1952DL),qcom,720x1512,320,10,29,244.1.0.19.110,384108453
motorola,chef_sprout,moto x4,qcom,1080x2246,480,10,29,244.1.0.19.110,384108453
motorola,corfur,moto g(50),QTI SM6375,1080x2400,420,11,30,244.1.0.19.110,384108453
motorola,cypfq,XT2171-3,qcom,1080x2460,400,11,30,244.1.0.19.110,384108453
motorola,deen_sprout,motorola one,qcom,720x1520,320,9,28,244.1.0.19.110,384108453
motorola,deen_sprout,motorola one,qcom,720x1520,320,10,29,244.1.0.19.110,384108453
motorola,def,motorola one hyper,qcom,1080x2340,420,11,30,244.1.0.19.110,384108453
motorola,denver,moto g stylus (2021),qcom,1080x2400,400,11,30,244.1.0.19.110,384108453
motorola,denver,moto g stylus (2021),qcom,1080x2400,400,12,31,244.1.0.19.110,384108453
motorola,doha,moto g(7),qcom,1080x2280,420,9,28,244.1.0.19.110,384108453
motorola,sanders,Moto G (5S) Plus,qcom,1080x1920,480,8.1,27,244.1.0.19.110,384108453
motorola,sanders_n,Moto G (4),qcom,1080x1920,480,7.1,25,244.1.0.19.110,384108453
motorola,sanders_n,Moto G (4),qcom,1080x1920,480,8.1,27,244.1.0.19.110,384108453
motorola,sanders_nt,Moto G (4),qcom,1080x1920,480,7.1,25,244.1.0.19.110,384108453
motorola,sanders_nt,Moto G (4),qcom,1080x1920,480,8.1,27,244.1.0.19.110,384108453
motorola,smith,XT2071-4,qcom,876x2142,360,11,30,244.1.0.19.110,384108453
motorola,sofia,moto g power,qcom,1080x2300,420,10,29,244.1.0.19.110,384108453
motorola,sofia,moto g power,qcom,1080x2300,420,11,30,244.1.0.19.110,384108453
motorola,sofiap,moto g stylus,qcom,1080x2300,420,10,29,244.1.0.19.110,384108453
motorola,sofiap,moto g stylus,qcom,1080x2300,420,11,30,244.1.0.19.110,384108453
motorola,sofiap_sprout,moto g pro,qcom,1080x2300,420,12,31,244.1.0.19.110,384108453
motorola,sofiar,moto g(8) power,qcom,1080x2300,420,10,29,244.1.0.19.110,384108453
motorola,sofiar,moto g(8) power,qcom,1080x2300,420,11,30,244.1.0.19.110,384108453
motorola,troika,motorola one action,samsungexynos9609,1080x2520,480,10,29,244.1.0.19.110,384108453
motorola,troika_sprout,motorola one action,samsungexynos9609,1080x2520,480,10,29,244.1.0.19.110,384108453
motorola,troika_sprout,motorola one action,samsungexynos9609,1080x2520,480,11,30,244.1.0.19.110,384108453
motorola,xpeng,moto g200 5G,qcom,1080x2460,400,12,31,244.1.0.19.110,384108453
NEC,LAVIETabT1212QHD1,LAVIE Tab T12 12QHD1,qcom,1600x2560,240,11,30,244.1.0.19.110,384108453
Nokia,A1N_sprout,Nokia 8 Sirocco,qcom,1440x2560,560,10,29,244.1.0.19.110,384108453
Nokia,B2N_sprout,Nokia 7 plus,qcom,1080x2160,420,10,29,244.1.0.19.110,384108453
Nokia,BGT,Nokia 8.3 5G,qcom,1080x2400,400,12,31,244.1.0.19.110,384108453
Nokia,BGT_sprout,Nokia 8.3 5G,qcom,1080x2400,400,12,31,244.1.0.19.110,384108453
Nokia,CTL_sprout,Nokia 7.1,qcom,1080x2280,420,10,29,244.1.0.19.110,384108453
Nokia,DRD,Nokia 5.4,qcom,720x1560,280,11,30,244.1.0.19.110,384108453
Nokia,DRDA_sprout,Nokia 5.4,qcom,720x1560,280,11,30,244.1.0.19.110,384108453
Nokia,DRD_sprout,Nokia 5.4,qcom,720x1560,280,11,30,244.1.0.19.110,384108453
Nokia,DRG_sprout,Nokia 6.1 Plus,qcom,1080x2280,420,10,29,244.1.0.19.110,384108453
Nokia,DRSA_sprout,Nokia 3.4,qcom,720x1560,280,10,29,244.1.0.19.110,384108453
Nokia,DRSA_sprout,Nokia 3.4,qcom,720x1560,280,11,30,244.1.0.19.110,384108453
Nokia,DRS_sprout,Nokia 3.4,qcom,720x1560,280,11,30,244.1.0.19.110,384108453
Nokia,NB1,TA-1004,qcom,1440x2560,560,9,28,244.1.0.19.110,384108453
Nokia,PL2_sprout,Nokia 6.1,qcom,1080x1920,420,10,29,244.1.0.19.110,384108453
Nokia,PNX_sprout,Nokia 8.1,qcom,1080x2246,420,11,30,244.1.0.19.110,384108453
Nokia,RAV_VZW,Nokia 8 V 5G UW,qcom,1080x2400,400,10,29,244.1.0.19.110,384108453
OnePlus,Nord,AC2001,qcom,1080x2400,450,10,29,244.1.0.19.110,384108453
OnePlus,Nord,AC2001,qcom,1080x2400,450,11,30,244.1.0.19.110,384108453
OnePlus,Nord,AC2001,qcom,1080x2400,450,12,31,244.1.0.19.110,384108453
OnePlus,OP5154L1,MT2110,qcom,1080x2400,480,11,30,244.1.0.19.110,384108453
OnePlus,OP5155L1,MT2111,qcom,1080x2400,480,11,30,244.1.0.19.110,384108453
OnePlus,OP5159L1,CPH2459,QTI SM6375,1080x2400,480,11,30,244.1.0.19.110,384108453
OnePlus,OP516EL1,NE2210,qcom,1440x3216,480,12,31,244.1.0.19.110,384108453
OnePlus,OP516FL1,NE2211,qcom,1440x3216,480,12,31,244.1.0.19.110,384108453
OnePlus,OP535DL1,CPH2381,QTI SM6375,1080x2412,480,12,31,244.1.0.19.110,384108453
OnePlus,OP7ProNRSpr,GM1925,qcom,1440x3120,560,10,29,244.1.0.19.110,384108453
OnePlus,OnePlus3T,OnePlus3T,qcom,900x1600,240,7.1,25,244.1.0.19.110,384108453
OnePlus,OnePlus3T,OnePlus3T,qcom,900x1600,240,9,28,244.1.0.19.110,384108453
OnePlus,OnePlus5,OnePlus5,qcom,900x1600,240,7.1,25,244.1.0.19.110,384108453
OnePlus,OnePlus5,OnePlus5,qcom,900x1600,240,9,28,244.1.0.19.110,384108453
OnePlus,OnePlus5,OnePlus5,qcom,900x1600,240,10,29,244.1.0.19.110,384108453
OnePlus,OnePlus5T,OnePlus5T,qcom,1080x2160,420,9,28,244.1.0.19.110,384108453
OnePlus,OnePlus5T,OnePlus5T,qcom,1080x2160,420,10,29,244.1.0.19.110,384108453
OnePlus,OnePlus6,ONEPLUS A6000,qcom,1080x2280,450,9,28,244.1.0.19.110,384108453
OnePlus,OnePlus8T,KB2000,qcom,1080x2400,480,12,31,244.1.0.19.110,384108453
OnePlus,OnePlus8TMO,IN2017,qcom,1080x2400,450,11,30,244.1.0.19.110,384108453
OnePlus,OnePlus8TTMO,KB2007,qcom,1080x2400,450,11,30,244.1.0.19.110,384108453
OnePlus,OnePlus8VZW,IN2019,qcom,1080x2400,450,11,30,244.1.0.19.110,384108453
OnePlus,OnePlus9,LE2110,qcom,1080x2400,480,11,30,244.1.0.19.110,384108453
OnePlus,OnePlus9,LE2110,qcom,1080x2400,480,12,31,244.1.0.19.110,384108453
OnePlus,OnePlus9Pro,LE2120,qcom,1080x2412,480,11,30,244.1.0.19.110,384108453
OnePlus,OnePlus9Pro,LE2120,qcom,1080x2412,480,12,31,244.1.0.19.110,384108453
OnePlus,OnePlus9ProTMO,LE2127,qcom,1080x2412,480,12,31,244.1.0.19.110,384108453
OnePlus,OnePlus9R,OnePlus9R,qcom,1080x2400,450,11,30,244.1.0.19.110,384108453
OnePlus,OnePlus9R,OnePlus9R,qcom,1080x2400,450,12,31,244.1.0.19.110,384108453
OnePlus,OnePlus9TMO,LE2117,qcom,1080x2400,480,12,31,244.1.0.19.110,384108453
OnePlus,OnePlusN10METRO,BE2025,qcom,1080x2400,450,11,30,244.1.0.19.110,384108453
OnePlus,OnePlusN10TMO,BE2028,qcom,1080x2400,450,11,30,244.1.0.19.110,384108453
OnePlus,OnePlusN200,DE2117,qcom,1080x2400,480,12,31,244.1.0.19.110,384108453
OnePlus,OnePlusN200TMO,DE2118,qcom,1080x2400,480,11,30,244.1.0.19.110,384108453
OnePlus,OnePlusN200TMO,DE2118,qcom,1080x2400,480,12,31,244.1.0.19.110,384108453
OnePlus,OnePlusNordCE,EB2101,qcom,1080x2400,450,11,30,244.1.0.19.110,384108453
OnePlus,OnePlusN10,BE2026,qcom,1080x2400,450,11,30,244.1.0.19.110,384108453
OPPO,CPH1877,CPH1877,qcom,1080x2340,480,10,29,244.1.0.19.110,384108453
OPPO,OP4679,PCGM00,qcom,1080x2340,480,11,30,244.1.0.19.110,384108453
OPPO,OP47CFL1,CPH1983,qcom,1080x2340,480,9,28,244.1.0.19.110,384108453
OPPO,OP4AD9,PDHM00,qcom,1080x2400,480,12,31,244.1.0.19.110,384108453
OPPO,OP4AF7,PDNT00,qcom,1080x2400,480,12,31,244.1.0.19.110,384108453
OPPO,OP4B83L1,CPH1907,qcom,1080x2400,480,11,30,244.1.0.19.110,384108453
OPPO,OP4BA1L1,CPH2023,qcom,1440x3168,640,12,31,244.1.0.19.110,384108453
OPPO,OP4BA2L1,CPH2025,qcom,1440x3168,640,12,31,244.1.0.19.110,384108453
OPPO,OP4BA5L1,CPH2109,qcom,1080x2400,480,10,29,244.1.0.19.110,384108453
OPPO,OP4BA5L1,CPH2109,qcom,1080x2400,480,11,30,244.1.0.19.110,384108453
OPPO,OP4BA5L1,CPH2109,qcom,1080x2400,480,12,31,244.1.0.19.110,384108453
OPPO,OP4BAFL1,A002OP,qcom,1080x2400,480,11,30,244.1.0.19.110,384108453
OPPO,OP4C2DL1,CPH2009,qcom,1080x2400,480,12,31,244.1.0.19.110,384108453
OPPO,OP4F25L1,CPH2159,qcom,1080x2400,480,11,30,244.1.0.19.110,384108453
OPPO,OP4F25L1,CPH2159,qcom,1080x2400,480,12,31,244.1.0.19.110,384108453
OPPO,OP4F2BL1,A101OP,qcom,1080x2400,480,11,30,244.1.0.19.110,384108453
OPPO,OP4F2BL1,A101OP,qcom,1080x2400,480,12,31,244.1.0.19.110,384108453
OPPO,OP4F39L1,CPH2303,qcom,1080x2400,480,11,30,244.1.0.19.110,384108453
OPPO,OP4F39L1,CPH2303,qcom,1080x2400,480,12,31,244.1.0.19.110,384108453
OPPO,OP4F57L1,CPH2173,qcom,1440x3216,480,12,31,244.1.0.19.110,384108453
OPPO,OP4F7FL1,CPH2247,qcom,1080x2400,480,12,31,244.1.0.19.110,384108453
OPPO,OP520DL1,PFFM10,qcom,1080x2400,480,12,31,244.1.0.19.110,384108453
OPPO,OP52D1L1,CPH2305,qcom,1440x3216,480,12,31,244.1.0.19.110,384108453
OPPO,OP52D5L1,CPH2307,qcom,1080x2400,480,12,31,244.1.0.19.110,384108453
OPPO,OP52EBL1,A102OP,qcom,1080x2400,480,11,30,244.1.0.19.110,384108453
OPPO,OP532BL1,A201OP,QTI SM6375,1080x2400,480,11,30,244.1.0.19.110,384108453
OPPO,OP532FL1,CPH2341,QTI SM6375,1080x2400,480,11,30,244.1.0.19.110,384108453
Realme,RMX1851CN,RMX1851,qcom,1080x2340,480,11,30,244.1.0.19.110,384108453
Realme,RMX1853,RMX1853,qcom,1080x2340,480,10,29,244.1.0.19.110,384108453
Realme,RMX1901CN,RMX1901,qcom,1080x2340,480,11,30,244.1.0.19.110,384108453
realme,RMX1911,RMX1911,qcom,720x1600,320,9,28,244.1.0.19.110,384108453
realme,RMX1911,RMX1911,qcom,720x1600,320,10,29,244.1.0.19.110,384108453
POCO,alioth,M2012K11AG,qcom,1080x2400,440,11,30,244.1.0.19.110,384108453
POCO,alioth,M2012K11AG,qcom,1080x2400,440,12,31,244.1.0.19.110,384108453
POCO,bhima,M2102J20SI,qcom,1080x2400,440,11,30,244.1.0.19.110,384108453
POCO,bhima,M2102J20SI,qcom,1080x2400,440,12,31,244.1.0.19.110,384108453
POCO,gram,POCO M2 Pro,qcom,1080x2400,440,10,29,244.1.0.19.110,384108453
POCO,gram,POCO M2 Pro,qcom,1080x2400,440,11,30,244.1.0.19.110,384108453
POCO,karna,M2007J20CI,qcom,1080x2400,440,10,29,244.1.0.19.110,384108453
POCO,karna,M2007J20CI,qcom,1080x2400,440,11,30,244.1.0.19.110,384108453
POCO,lmi,POCO F2 Pro,qcom,1080x2400,440,12,31,244.1.0.19.110,384108453
POCO,peux,2201116PI,QTI SM6375,1080x2400,440,11,30,244.1.0.19.110,384108453
POCO,phoenixin,POCO X2,qcom,1080x2400,440,10,29,244.1.0.19.110,384108453
POCO,phoenixin,POCO X2,qcom,1080x2400,440,11,30,244.1.0.19.110,384108453
POCO,surya,M2007J20CG,qcom,1080x2400,440,10,29,244.1.0.19.110,384108453
POCO,surya,M2007J20CG,qcom,1080x2400,440,11,30,244.1.0.19.110,384108453
POCO,vayu,M2102J20SG,qcom,1080x2400,440,11,30,244.1.0.19.110,384108453
POCO,vayu,M2102J20SG,qcom,1080x2400,440,12,31,244.1.0.19.110,384108453
POCO,veux,2201116PG,QTI SM6375,1080x2400,440,11,30,244.1.0.19.110,384108453
RED,HydrogenONE,H1A1000,qcom,1440x2560,560,8.1,27,244.1.0.19.110,384108453
Rakuten,P780,Lenovo P780,qcom,720x1520,320,11,30,244.1.0.19.110,384108453
realme,RE54ABL1,RMX3363,qcom,1080x2400,480,11,30,244.1.0.19.110,384108453
realme,RE54ABL1,RMX3363,qcom,1080x2400,480,12,31,244.1.0.19.110,384108453
Realme,RMX1851,RMX1851,qcom,1080x2340,480,10,29,244.1.0.19.110,384108453
Realme,RMX1851,RMX1851,qcom,1080x2340,480,11,30,244.1.0.19.110,384108453
realme,RMX1911L1,RMX1911,qcom,720x1600,320,10,29,244.1.0.19.110,384108453
realme,RMX1919,RMX1919,qcom,720x1600,320,10,29,244.1.0.19.110,384108453
realme,RMX1921,RMX1921,qcom,1080x2340,480,10,29,244.1.0.19.110,384108453
realme,RMX1921,RMX1921,qcom,1080x2340,480,11,30,244.1.0.19.110,384108453
realme,RMX1921L1,RMX1921,qcom,1080x2340,480,11,30,244.1.0.19.110,384108453
realme,RMX1927,RMX1927,qcom,720x1600,320,10,29,244.1.0.19.110,384108453
realme,RMX1931CN,RMX1931,qcom,1080x2400,480,11,30,244.1.0.19.110,384108453
realme,RMX1931L1,RMX1931,qcom,1080x2400,480,11,30,244.1.0.19.110,384108453
realme,RMX2075L1,RMX2075,qcom,1080x2400,480,12,31,244.1.0.19.110,384108453
realme,RMX2081L1,RMX2081,qcom,1080x2400,480,11,30,244.1.0.19.110,384108453
realme,RMX2085L1,RMX2085,qcom,1080x2400,480,11,30,244.1.0.19.110,384108453
realme,RMX2144L1,RMX2144,qcom,1080x2400,480,11,30,244.1.0.19.110,384108453
realme,RMX2170L1,RMX2170,qcom,1080x2400,480,10,29,244.1.0.19.110,384108453
realme,RMX2170L1,RMX2170,qcom,1080x2400,480,11,30,244.1.0.19.110,384108453
realme,RMX2170L1,RMX2170,qcom,1080x2400,480,12,31,244.1.0.19.110,384108453
Redmi,XIG02,XIG02,qcom,1080x2400,440,11,30,244.1.0.19.110,384108453
Redmi,XIG02,XIG02,qcom,1080x2400,440,12,31,244.1.0.19.110,384108453
Redmi,alioth,M2012K11AG,qcom,1080x2400,440,11,30,244.1.0.19.110,384108453
Redmi,alioth,M2012K11AG,qcom,1080x2400,440,12,31,244.1.0.19.110,384108453
Redmi,apollo,CP3706AS,qcom,1080x2400,440,12,31,244.1.0.19.110,384108453
Redmi,curtana,Redmi Note 9 Pro,qcom,1080x2400,440,10,29,244.1.0.19.110,384108453
Redmi,curtana,Redmi Note 9 Pro,qcom,1080x2400,440,11,30,244.1.0.19.110,384108453
Xiaomi,davinci,Mi 9T,qcom,1080x2340,440,9,28,244.1.0.19.110,384108453
Xiaomi,davinci,Mi 9T,qcom,1080x2340,440,10,29,244.1.0.19.110,384108453
Xiaomi,davinci,Mi 9T,qcom,1080x2340,440,11,30,244.1.0.19.110,384108453
Xiaomi,davinciin,Redmi K20,qcom,1080x2340,440,10,29,244.1.0.19.110,384108453
Xiaomi,davinciin,Redmi K20,qcom,1080x2340,440,11,30,244.1.0.19.110,384108453
Redmi,excalibur,Redmi Note 9 Pro Max,qcom,1080x2400,440,10,29,244.1.0.19.110,384108453
Redmi,excalibur,Redmi Note 9 Pro Max,qcom,1080x2400,440,11,30,244.1.0.19.110,384108453
xiaomi,ginkgo,GINKGO,qcom,1080x2340,440,9,28,244.1.0.19.110,384108453
xiaomi,ginkgo,GINKGO,qcom,1080x2340,440,10,29,244.1.0.19.110,384108453
xiaomi,ginkgo,GINKGO,qcom,1080x2340,440,11,30,244.1.0.19.110,384108453
Redmi,haydn,M2012K11C,qcom,1080x2400,440,12,31,244.1.0.19.110,384108453
Redmi,ingres,21121210C,qcom,1080x2400,440,12,31,244.1.0.19.110,384108453
Redmi,joyeuse,Redmi Note 9 Pro,qcom,1080x2400,440,10,29,244.1.0.19.110,384108453
Redmi,joyeuse,Redmi Note 9 Pro,qcom,1080x2400,440,11,30,244.1.0.19.110,384108453
xiaomi,lavender,Redmi Note 7,qcom,1080x2340,440,9,28,244.1.0.19.110,384108453
xiaomi,lavender,Redmi Note 7,qcom,1080x2340,440,10,29,244.1.0.19.110,384108453
Redmi,lmi,POCO F2 Pro,qcom,1080x2400,440,12,31,244.1.0.19.110,384108453
Redmi,munch,22021211RC,qcom,1080x2400,440,12,31,244.1.0.19.110,384108453
Redmi,peux,2201116PI,QTI SM6375,1080x2400,440,11,30,244.1.0.19.110,384108453
Redmi,phoenix,Redmi K30,qcom,1080x2400,440,12,31,244.1.0.19.110,384108453
Xiaomi,raphael,Mi 9T Pro,qcom,1080x2340,440,10,29,244.1.0.19.110,384108453
Xiaomi,raphael,Mi 9T Pro,qcom,1080x2340,440,11,30,244.1.0.19.110,384108453
Xiaomi,raphaelin,Redmi K20 Pro,qcom,1080x2340,440,10,29,244.1.0.19.110,384108453
Xiaomi,raphaelin,Redmi K20 Pro,qcom,1080x2340,440,11,30,244.1.0.19.110,384108453
Redmi,spes,2201117TG,QTI SM6225,1080x2400,440,11,30,244.1.0.19.110,384108453
Redmi,spesn,2201117TY,QTI SM6225,1080x2400,440,11,30,244.1.0.19.110,384108453
Redmi,sunny,M2101K7AG,qcom,1080x2400,440,11,30,244.1.0.19.110,384108453
Redmi,sunny,M2101K7AG,qcom,1080x2400,440,12,31,244.1.0.19.110,384108453
Redmi,sweet,M2101K6G,qcom,1080x2400,440,11,30,244.1.0.19.110,384108453
Redmi,sweet,M2101K6G,qcom,1080x2400,440,12,31,244.1.0.19.110,384108453
Redmi,sweetin,M2101K6P,qcom,1080x2400,440,11,30,244.1.0.19.110,384108453
Redmi,sweetin,M2101K6P,qcom,1080x2400,440,12,31,244.1.0.19.110,384108453
Redmi,veux,2201116PG,QTI SM6375,1080x2400,440,11,30,244.1.0.19.110,384108453
xiaomi,willow,Redmi Note 8T,qcom,1080x2340,440,9,28,244.1.0.19.110,384108453
xiaomi,willow,Redmi Note 8T,qcom,1080x2340,440,10,29,244.1.0.19.110,384108453
xiaomi,willow,Redmi Note 8T,qcom,1080x2340,440,11,30,244.1.0.19.110,384108453
samsung,SC-01K,SC-01K,qcom,1440x2960,420,9,28,244.1.0.19.110,384108453
samsung,SC-01L,SC-01L,qcom,1440x2960,420,10,29,244.1.0.19.110,384108453
samsung,SC-01M,SC-01M,qcom,1440x3040,420,12,31,244.1.0.19.110,384108453
samsung,SC-02H,SC-02H,qcom,1080x1920,480,8.0.0,26,244.1.0.19.110,384108453
samsung,SC-02J,SC-02J,qcom,1440x2960,480,9,28,244.1.0.19.110,384108453
samsung,SC-02K,SC-02K,qcom,1440x2960,480,9,28,244.1.0.19.110,384108453
samsung,SC-02K,SC-02K,qcom,1440x2960,480,10,29,244.1.0.19.110,384108453
samsung,SC-02L,SC-02L,samsungexynos7885,720x1480,320,9,28,244.1.0.19.110,384108453
samsung,SC-02L,SC-02L,samsungexynos7885,720x1480,320,10,29,244.1.0.19.110,384108453
samsung,SC-02M,SC-02M,samsungexynos7884b,720x1560,320,9,28,244.1.0.19.110,384108453
samsung,SC-02M,SC-02M,samsungexynos7884b,720x1560,320,10,29,244.1.0.19.110,384108453
samsung,SC-02M,SC-02M,samsungexynos7884b,720x1560,320,11,30,244.1.0.19.110,384108453
samsung,SC-03J,SC-03J,qcom,1440x2960,420,9,28,244.1.0.19.110,384108453
samsung,SC-03K,SC-03K,qcom,1440x2960,420,10,29,244.1.0.19.110,384108453
samsung,SC-03L,SC-03L,qcom,1440x3040,420,9,28,244.1.0.19.110,384108453
samsung,SC-54A,SC-54A,qcom,1080x2400,420,12,31,244.1.0.19.110,384108453
samsung,SC-54B,SC-54B,qcom,1080x2640,480,12,31,244.1.0.19.110,384108453
samsung,SC-55B,SC-55B,qcom,1768x2208,420,12,31,244.1.0.19.110,384108453
samsung,SC51Aa,SC51Aa,qcom,1440x3200,480,12,31,244.1.0.19.110,384108453
samsung,SCG01,SCG01,qcom,1440x3200,480,12,31,244.1.0.19.110,384108453
samsung,SCG02,SCG02,qcom,1440x3200,450,12,31,244.1.0.19.110,384108453
samsung,SCG03,SCG03,qcom,1440x3200,420,12,31,244.1.0.19.110,384108453
samsung,SCG04,SCG04,qcom,1080x2636,480,12,31,244.1.0.19.110,384108453
samsung,SCG06,SCG06,qcom,1440x3088,420,12,31,244.1.0.19.110,384108453
samsung,SCG07,SCG07,qcom,1080x2400,420,11,30,244.1.0.19.110,384108453
samsung,SCG07,SCG07,qcom,1080x2400,420,12,31,244.1.0.19.110,384108453
samsung,SCG09,SCG09,qcom,1080x2400,480,12,31,244.1.0.19.110,384108453
samsung,SCG10,SCG10,qcom,1080x2400,450,12,31,244.1.0.19.110,384108453
samsung,SCG11,SCG11,qcom,1768x2208,420,12,31,244.1.0.19.110,384108453
samsung,a20,SM-A205F,samsungexynos7884b,720x1560,280,9,28,244.1.0.19.110,384108453
samsung,a20,SM-A205F,samsungexynos7884b,720x1560,280,10,29,244.1.0.19.110,384108453
samsung,a20,SM-A205F,samsungexynos7884b,720x1560,280,11,30,244.1.0.19.110,384108453
samsung,a20e,SM-A202F,samsungexynos7884b,720x1560,320,9,28,244.1.0.19.110,384108453
samsung,a20e,SM-A202F,samsungexynos7884b,720x1560,320,10,29,244.1.0.19.110,384108453
samsung,a20e,SM-A202F,samsungexynos7884b,720x1560,320,11,30,244.1.0.19.110,384108453
samsung,a20s,SM-A2070,qcom,720x1560,280,9,28,244.1.0.19.110,384108453
samsung,a20s,SM-A2070,qcom,720x1560,280,10,29,244.1.0.19.110,384108453
samsung,a20s,SM-A2070,qcom,720x1560,280,11,30,244.1.0.19.110,384108453
samsung,a23,SM-A235F,QTI SM6225,1080x2408,450,12,31,244.1.0.19.110,384108453
samsung,a30,SM-A305F,samsungexynos7904,1080x2340,420,9,28,244.1.0.19.110,384108453
samsung,a30,SM-A305F,samsungexynos7904,1080x2340,420,10,29,244.1.0.19.110,384108453
samsung,a30,SM-A305F,samsungexynos7904,1080x2340,420,11,30,244.1.0.19.110,384108453
samsung,a30s,SM-A307FN,samsungexynos7904,720x1560,280,9,28,244.1.0.19.110,384108453
samsung,a30s,SM-A307FN,samsungexynos7904,720x1560,280,10,29,244.1.0.19.110,384108453
samsung,a30s,SM-A307FN,samsungexynos7904,720x1560,280,11,30,244.1.0.19.110,384108453
samsung,a3y17lte,SM-A320Y,samsungexynos7870,720x1280,320,7.0,24,244.1.0.19.110,384108453
samsung,a3y17lte,SM-A320Y,samsungexynos7870,720x1280,320,8.0.0,26,244.1.0.19.110,384108453
samsung,a40,SM-A405FM,samsungexynos7904,1080x2340,480,9,28,244.1.0.19.110,384108453
samsung,a40,SM-A405FM,samsungexynos7904,1080x2340,480,10,29,244.1.0.19.110,384108453
samsung,a40,SM-A405FM,samsungexynos7904,1080x2340,480,11,30,244.1.0.19.110,384108453
samsung,a42xq,SM-A4260,qcom,720x1600,300,10,29,244.1.0.19.110,384108453
samsung,a42xq,SM-A4260,qcom,720x1600,300,11,30,244.1.0.19.110,384108453
samsung,a42xq,SM-A4260,qcom,720x1600,300,12,31,244.1.0.19.110,384108453
samsung,a42xuq,SM-A426U,qcom,720x1600,300,12,31,244.1.0.19.110,384108453
samsung,a50,Garmin-Asus A50,samsungexynos9610,1080x2340,420,9,28,244.1.0.19.110,384108453
samsung,a50,Garmin-Asus A50,samsungexynos9610,1080x2340,420,10,29,244.1.0.19.110,384108453
samsung,a50,Garmin-Asus A50,samsungexynos9610,1080x2340,420,11,30,244.1.0.19.110,384108453
samsung,a50s,SM-A5070,samsungexynos9611,1080x2340,420,9,28,244.1.0.19.110,384108453
samsung,a50s,SM-A5070,samsungexynos9611,1080x2340,420,10,29,244.1.0.19.110,384108453
samsung,a50s,SM-A5070,samsungexynos9611,1080x2340,420,11,30,244.1.0.19.110,384108453
samsung,a51,SM-A515F,samsungexynos9611,1080x2400,420,10,29,244.1.0.19.110,384108453
samsung,a51,SM-A515F,samsungexynos9611,1080x2400,420,11,30,244.1.0.19.110,384108453
samsung,a51,SM-A515F,samsungexynos9611,1080x2400,420,12,31,244.1.0.19.110,384108453
samsung,a51x,SM-A5160,samsungexynos980,1080x2400,420,10,29,244.1.0.19.110,384108453
samsung,a51x,SM-A5160,samsungexynos980,1080x2400,420,11,30,244.1.0.19.110,384108453
samsung,a51x,SM-A5160,samsungexynos980,1080x2400,420,12,31,244.1.0.19.110,384108453
samsung,a51xq,SM-A516V,qcom,1080x2400,420,12,31,244.1.0.19.110,384108453
samsung,a52q,SM-A525F,qcom,1080x2400,420,11,30,244.1.0.19.110,384108453
samsung,a52q,SM-A525F,qcom,1080x2400,420,12,31,244.1.0.19.110,384108453
samsung,a52sxq,SM-A528B,qcom,1080x2400,450,11,30,244.1.0.19.110,384108453
samsung,a6elteaio,SM-A600AZ,samsungexynos7884,720x1480,320,10,29,244.1.0.19.110,384108453
samsung,a6elteatt,SM-A600A,samsungexynos7884,720x1480,320,10,29,244.1.0.19.110,384108453
samsung,a6eltemtr,SM-A600T1,samsungexynos7884,720x1480,320,10,29,244.1.0.19.110,384108453
samsung,a6eltespr,SM-A600P,samsungexynos7884,720x1480,320,10,29,244.1.0.19.110,384108453
samsung,a6eltetmo,SM-A600T,samsungexynos7884,720x1480,320,10,29,244.1.0.19.110,384108453
samsung,a6elteue,SM-A600U,samsungexynos7884,720x1480,320,10,29,244.1.0.19.110,384108453
samsung,a6lte,SM-A600F,samsungexynos7870,720x1480,320,8.0.0,26,244.1.0.19.110,384108453
samsung,a6lte,SM-A600F,samsungexynos7870,720x1480,320,9,28,244.1.0.19.110,384108453
samsung,a6lte,SM-A600F,samsungexynos7870,720x1480,320,10,29,244.1.0.19.110,384108453
samsung,a6lteks,SM-A600N,samsungexynos7870,720x1480,320,10,29,244.1.0.19.110,384108453
samsung,a70q,SM-A7050,qcom,1080x2400,420,9,28,244.1.0.19.110,384108453
samsung,a70q,SM-A7050,qcom,1080x2400,420,10,29,244.1.0.19.110,384108453
samsung,a70q,SM-A7050,qcom,1080x2400,420,11,30,244.1.0.19.110,384108453
samsung,a70s,SM-A7070,qcom,1080x2400,420,11,30,244.1.0.19.110,384108453
samsung,a71,SM-A715F,qcom,1080x2400,420,10,29,244.1.0.19.110,384108453
samsung,a71,SM-A715F,qcom,1080x2400,420,11,30,244.1.0.19.110,384108453
samsung,a71,SM-A715F,qcom,1080x2400,420,12,31,244.1.0.19.110,384108453
samsung,a71x,SM-A716S,samsungexynos980,1080x2400,420,11,30,244.1.0.19.110,384108453
samsung,a71x,SM-A716S,samsungexynos980,1080x2400,420,12,31,244.1.0.19.110,384108453
samsung,a71xq,SM-A716U,qcom,1080x2400,420,11,30,244.1.0.19.110,384108453
samsung,a71xq,SM-A716U,qcom,1080x2400,420,12,31,244.1.0.19.110,384108453
samsung,a72q,SM-A725F,qcom,1080x2400,450,11,30,244.1.0.19.110,384108453
samsung,a72q,SM-A725F,qcom,1080x2400,450,12,31,244.1.0.19.110,384108453
samsung,a73xq,SM-A736B,qcom,1080x2400,450,12,31,244.1.0.19.110,384108453
samsung,a7y17lte,SM-A720F,samsungexynos7880,1080x1920,420,7.0,24,244.1.0.19.110,384108453
samsung,a7y17lte,SM-A720F,samsungexynos7880,1080x1920,420,8.0.0,26,244.1.0.19.110,384108453
samsung,a7y17lteskt,SM-A720S,samsungexynos7880,1080x1920,420,9,28,244.1.0.19.110,384108453
samsung,a7y18lte,SM-A750F,samsungexynos7885,1080x2220,420,8.0.0,26,244.1.0.19.110,384108453